Name,Age,Postcode,Income,CreditScore,Employment,LoanAmount,Decision
Ryan Khan,19,SE28,36024,642,Full-time,3000,Reject
Leila Khan,52,SW1,56698,688,Full-time,2000,Approve
Jordan Brown,32,NW1,57453,586,Full-time,7000,Reject
Ryan Wood,52,E6,32446,694,Part-time,8000,Reject
Amira Turner,28,SE28,45696,667,Part-time,3000,Reject
Daniel Hall,39,SW1,24078,677,Full-time,4000,Reject
Amira Lee,34,NW8,20847,766,Part-time,6000,Reject
Fatima Cole,42,SW1,54178,655,Part-time,6000,Reject
Daniel Wood,22,SE15,32935,777,Part-time,2000,Reject
Amira Rahman,24,E6,36217,696,Part-time,3000,Reject
Hannah Lee,31,W1,35496,759,Full-time,6000,Approve
Ryan Williams,52,SE28,34043,621,Part-time,5000,Reject
Ethan Cole,53,NW3,39252,795,Full-time,3000,Approve
Jack Patel,38,E6,35546,596,Full-time,6000,Reject
Leo Wood,38,NW3,50717,681,Part-time,3000,Reject
Ethan OConnor,33,SE28,54789,717,Part-time,7000,Reject
Tyler Evans,55,E6,41723,636,Full-time,6000,Reject
Grace Smith,21,SW10,25185,619,Full-time,8000,Reject
Zara Evans,22,E6,43009,732,Part-time,6000,Reject
Ethan Costa,18,W1,25507,754,Part-time,8000,Reject
Ryan Carter,25,CR0,46492,620,Part-time,2000,Reject
Leila Foster,34,NW1,29708,709,Full-time,8000,Approve
Ryan Rossi,50,SW3,31035,619,Part-time,8000,Reject
Chloe Costa,51,W4,18037,733,Part-time,5000,Reject
Alex Khan,41,W4,38153,641,Full-time,3000,Reject
Leo Green,23,SW1,49849,788,Full-time,8000,Approve
Isabella Hall,26,E14,49148,720,Full-time,4000,Approve
Noah Hussain,45,NW3,53343,773,Full-time,7000,Approve
Sofia Johnson,41,W2,51919,695,Full-time,3000,Approve
Aisha Smith,39,SE15,56555,721,Full-time,6000,Approve
Aisha Turner,22,SE28,59359,595,Full-time,2000,Reject
Leo Patel,39,SW1,51695,640,Part-time,7000,Reject
Grace Brown,52,E14,55423,727,Part-time,3000,Reject
Sara Murphy,44,NW3,24181,604,Part-time,4000,Reject
Lucy Evans,47,SW10,21550,752,Full-time,2000,Reject
Marcus Ahmed,39,NW8,25161,643,Full-time,3000,Reject
Isabella Hassan,26,E6,30025,651,Part-time,3000,Reject
Amira Cole,22,W2,54066,605,Full-time,7000,Reject
Isabella Wright,18,SW1,33491,622,Part-time,5000,Reject
Grace Brown,43,W4,21842,622,Part-time,2000,Reject
